<?xml version="1.0" encoding="UTF-8"?>
<!--
Ще използвам външно dtd, защото иначе гърми вложената единица.
Стойността на link, поделемент на image, е заменена със съответното ENTITY.
Добавих атрибут src към image, за да може да се използват единиците за SVG нотациите.
-->
<!DOCTYPE channel SYSTEM "task7.dtd">
<channel version="0.1">
  <item>
    <title>BNT1</title>
    <link><![CDATA[https://bnt1.bnt.bg/]]></link>
  </item>
  <item>
    <link><![CDATA[https://bnt2.bnt.bg]]></link>
    <description>Българска национална телевизия, канал 2.</description>
    <title>BNT2</title>
  </item>
  <title>BNT</title>
  <link><![CDATA[https://bnt.bg/]]></link>
  <image src="bntShowsSVG">
    <title>BNT1 Shows</title>
    <link>&imageLink;</link>
    <url><![CDATA[https://bnt.bg/box/img/BNT1.svg]]></url>
  </image>
  <image src="bntHomeSVG">
    <link>&imageLink;</link>
    <title>BNT Homepage</title>
    <url><![CDATA[https://bnt.bg/box/img/wlogo.svg]]></url>
  </image>
  <language>BG</language>
  <description>Българската национална телевизия (БНТ) е обществената телевизия в България. Открита е официално на 26 декември 1959 г. в резултат от осемгодишна разработка и изпитания на екип от учени от Машинно-електротехническия институт в София.</description>
</channel>
