<?xml version="1.0" encoding="UTF-8"?>
<!-- Ще си дефинирам единица за линка към пространството за по-лесно -->
<!DOCTYPE rdf [
<!ENTITY rec "http://www.recshop.fake/cd/">
]>
<rdf:RDF xmlns:rdf="http://www.w3.org/1999/02/22-rdf-syntax-ns#" xmlns:rec="&rec;">

    <!-- Дефинираме си описание, съдържащо дефиниран атрибут rdf:parseType от тип Collection -->
    <rdf:Description rdf:about="&rec;Beatles">
        <rec:artist rdf:parseType="Collection">
            <rdf:Description rdf:about="&rec;Beatles/George"/>
            <rdf:Description rdf:about="&rec;Beatles/John"/>
            <rdf:Description rdf:about="&rec;Beatles/Paul"/>
            <rdf:Description rdf:about="&rec;Beatles/Ringo"/>
        </rec:artist>
    </rdf:Description>
</rdf:RDF>
