<?xml version="1.0" encoding="UTF-8"?>
<!DOCTYPE rdf:RDF [
<!ENTITY cd "http://www.myshop.bg/cd/">
]>
<rdf:RDF xmlns:rdf="http://www.w3.org/1999/02/22-rdf-syntax-ns#" xmlns:cd="http://www.myshop.bg/cd#">

    <rdf:Description rdf:about="&cd;Unchain my heart">
        <!-- За артист елементът задаваме реферирания ресурс -->
        <cd:artist rdf:resource="&cd;joecocker"/>
        <cd:country>USA</cd:country>
        <cd:company>EMI</cd:company>
        <cd:price>8.20</cd:price>
        <cd:year>1987</cd:year>
    </rdf:Description>

    <rdf:Description rdf:about="&cd;Pavarotti Gala Concert">
        <cd:artist>Luciano Pavarotti</cd:artist>
        <cd:country>UK</cd:country>
        <cd:company>DECCA</cd:company>
        <cd:price>9.90</cd:price>
        <cd:year>1991</cd:year>
    </rdf:Description>

    <rdf:Description rdf:about="&cd;Soulsville">
        <cd:artist>Jorn Hoel</cd:artist>
        <cd:country>Norway</cd:country>
        <cd:company>WEA</cd:company>
        <cd:price>7.90</cd:price>
        <cd:year>1996</cd:year>
    </rdf:Description>

    <!-- Дефинираме описание за реферирания ресурс -->
    <rdf:Description rdf:about="&cd;joecocker">
        <cd:name>Joe Cocker</cd:name>
        <cd:country>USA</cd:country>
        <cd:born>20-05-1944</cd:born>
        <cd:style>rock</cd:style>
        <cd:homepage>http://www.joecocker.org/</cd:homepage>
    </rdf:Description>
</rdf:RDF>
