<?xml version="1.0" encoding="UTF-8"?>
<!--
Грешките са следните:
  - липсва корен, в случая е удачно да бъде "recipe"
  - "site" атрибутът на "address" се нуждае от кавички
  - всеки елемент "item" трябва да има затварящ таг
  - един от "p" елементите е сложен с главна буква
  - затварящият таг на "i" трябва да се премести преди този на "p"
-->
<recipe>
  <name>Бисквитена торта</name>
  <address site="www.recipes.com"/>
  <ingredients>
    <list>
      <item>1 пакет бисквити</item>
      <item>1 кофичка кисело мляко</item>
      <item>1 бурканче сладко</item>
    </list>
  </ingredients>
  <process>
    <p>Разбъркваме млякото и сладкото. Един ред бисквити, един ред от сместа и пак така, най-отгоре поръсваме орехи. Изчаква се до омекване на бисквитите.</p>
    <p>
      <i>Много вкусно!</i>
    </p>
  </process>
</recipe>
