<?xml version="1.0" encoding="UTF-8"?>
<!--
Същата работа като в задача 4, с изключение на това, че използваме екранните последователности
-->
<excelLogicalOperators>
  <logicalOperator>
    <condition>Equal to</condition>
    <operator>=</operator>
    <formulaExample>=A1=B1</formulaExample>
    <description>The forumla returns TRUE if a value in cell A1 is equal to the values in cell B1; FALSE otherwise.</description>
  </logicalOperator>
  <logicalOperator>
    <condition>Not equal to</condition>
    <operator>&lt;&gt;</operator>
    <formulaExample>=A1&lt;&gt;B1</formulaExample>
    <description>The formula returns TRUE if a value in cell A1 is not equal to the value in cell B1; FALSE otherwise.</description>
  </logicalOperator>
  <logicalOperator>
    <condition>Greate than</condition>
    <operator>&gt;</operator>
    <formulaExample>=A1&gt;B1</formulaExample>
    <description>The formula returns TRUE if a value in cell A1 is greater than a value in cell B1; FALSE otherwise.</description>
  </logicalOperator>
  <logicalOperator>
    <condition>Less than</condition>
    <operator>&lt;</operator>
    <formulaExample>=A1&lt;B1</formulaExample>
    <description>The formula returns TRUE if a value in cell A1 is less than in cell B1; FALSE otherwise.</description>
  </logicalOperator>
  <logicalOperator>
    <condition>Greather than or equal to</condition>
    <operator>&gt;=</operator>
    <formulaExample>=A1&gt;=B1</formulaExample>
    <description>The formula return TRUE if a value in cell A1 is greater than or equal to the values in cell B1; FALSE otherwise.</description>
  </logicalOperator>
  <logicalOperator>
    <condition>Less than or equal to</condition>
    <operator>&lt;=</operator>
    <formulaExample>=A1&lt;=B1</formulaExample>
    <description>The formula return TRUE if a value in cell A1 is greater than or equal to the values in cell B1; FALSE otherwise.</description>
  </logicalOperator>
</excelLogicalOperators>
