<?xml version="1.0" encoding="UTF-8"?>
<!-- Ще си дефинирам една единица, за да не повтарям 3 пъти URL-а -->
<!DOCTYPE rdf:RDF [
<!ENTITY cd "http://www.myshop.bg/cd/">
]>
<!-- Задаваме си пространствата от имена (за cd съм използвал това от картинката) -->
<rdf:RDF xmlns:rdf="http://www.w3.org/1999/02/22-rdf-syntax-ns#" xmlns:cd="http://www.myshop.bg/cd#">

    <!-- Описваме всеки ресурс с неговите свойства -->
    <rdf:Description rdf:about="&cd;Unchain my heart">
        <cd:artist>Joe Cocker</cd:artist>
        <cd:country>USA</cd:country>
        <cd:company>EMI</cd:company>
        <cd:price>8.20</cd:price>
        <cd:year>1987</cd:year>
    </rdf:Description>

    <rdf:Description rdf:about="&cd;Pavarotti Gala Concert">
        <cd:artist>Luciano Pavarotti</cd:artist>
        <cd:country>UK</cd:country>
        <cd:company>DECCA</cd:company>
        <cd:price>9.90</cd:price>
        <cd:year>1991</cd:year>
    </rdf:Description>

    <rdf:Description rdf:about="&cd;Soulsville">
        <cd:artist>Jorn Hoel</cd:artist>
        <cd:country>Norway</cd:country>
        <cd:company>WEA</cd:company>
        <cd:price>7.90</cd:price>
        <cd:year>1996</cd:year>
    </rdf:Description>
</rdf:RDF>
