<?xml version="1.0" encoding="UTF-8"?>
<!-- Ще си дефинирам единица за линка към пространството за по-лесно -->
<!DOCTYPE rdf [
<!ENTITY rec "http://www.recshop.fake/cd/">
]>
<rdf:RDF xmlns:rdf="http://www.w3.org/1999/02/22-rdf-syntax-ns#" xmlns:rec="&rec;">

    <!-- Дефинираме си описание, съдържащо дефиниран клас от тип Bag -->
    <rdf:Description rdf:about="&rec;Beatles">
        <rec:artist>
            <rdf:Bag>
                <rdf:li>John</rdf:li>
                <rdf:li>Paul</rdf:li>
                <rdf:li>George</rdf:li>
                <rdf:li>Ringo</rdf:li>
            </rdf:Bag>
        </rec:artist>
    </rdf:Description>

    <!-- Дефинираме си описание, съдържащо дефиниран клас от тип Seq -->
    <rdf:Description rdf:about="&rec;Beatles">
        <rec:artist>
            <rdf:Seq>
                <rdf:li>John</rdf:li>
                <rdf:li>Paul</rdf:li>
                <rdf:li>George</rdf:li>
                <rdf:li>Ringo</rdf:li>
            </rdf:Seq>
        </rec:artist>
    </rdf:Description>

    <!-- Дефинираме си описание, съдържащо дефиниран клас от тип Alt -->
    <rdf:Description rdf:about="&rec;Beatles">
        <rec:format>
            <rdf:Alt>
                <rdf:li>CD</rdf:li>
                <rdf:li>Record</rdf:li>
                <rdf:li>Tape</rdf:li>
            </rdf:Alt>
        </rec:format>
    </rdf:Description>
</rdf:RDF>
